ART_AND_LITERATURE,Art and literature
ENTERTAINMENT,Entertainment
FOOD_AND_DRINKS,Sports and leisure
GEOGRAPHY,Geography and places
HISTORY,History and society
LANGUAGE,History and society
MATHEMATICS,Science and nature
MUSIC,Entertainment
PEOPLE_AND_PLACES,Uncategorized
RELIGION_AND_MYTHOLOGY,Art and literature
SCIENCE_AND_NATURE,Science and nature
SPORT_AND_LEISURE,Sports and leisure
TECH_AND_VIDEO_GAMES,Entertainment
TOYS_AND_GAMES,Entertainment
UNCATEGORIZED,Uncategorized
Entertainment: Film,Entertainment
Celebrities,Entertainment
General Knowledge,Uncategorized
Entertainment: Television,Entertainment
Entertainment: Video Games,Entertainment
Mythology,Art and literature
Sports,Sports and leisure
Entertainment: Cartoon & Animations,Entertainment
History,History and society
Vehicles,Sports and leisure
Entertainment: Board Games,Entertainment
Geography,Geography and places
Entertainment: Music,Entertainment
Science: Computers,Science and nature
Entertainment: Japanese Anime & Manga,Entertainment
Science: Mathematics,Science and nature
Entertainment: Comics,Entertainment
Science & Nature,Science and nature
Politics,History and society
Entertainment: Books,Entertainment
Animals,Science and nature
Art,Art and literature
Entertainment: Musicals & Theatres,Entertainment
Science: Gadgets,Science and nature
Literature,Art and literature
Food,Sports and leisure
Music,Entertainment
Television,Entertainment
Video Game,Entertainment
Hockey,Sports and leisure
Movie,Entertainment
Chemistry,Science and nature
Animal,Science and nature
Science,Science and nature
Africa,Geography and places
Canada,Geography and places
Basketball,Sports and leisure
Computer,Science and nature
Baseball,Sports and leisure
Disney,Entertainment
Football,Sports and leisure
Language,History and society
Automotive,Science and nature
Medical,Science and nature
Planet,Science and nature
United States,Geography and places
Political,History and society
Europe,Geography and places
Uncate,Uncategorized
Math,Science and nature
Game,Entertainment
Religion,Art and literature
Biology,Science and nature
Greek,History and society
England,Geography and places
Soccer,Sports and leisure
Hollywood,Entertainment
Olympic,Sports and leisure
Korea,Geography and places
India,Geography and places
Advertising,Art and literature
Harry Potter,Art and literature
Japan,Geography and places
Egypt,Geography and places
Science Fiction,Art and literature
Physics,Science and nature
China,Geography and places
Word,Uncategorized
Olympics,Sports and leisure
Christmas,History and society
World,Geography and places
Funny,Uncategorized
Geology,Science and nature
Culture,History and society
Alcohol,Uncategorized
Aviation,Science and nature
Rock and Roll,Entertainment
Fantasy,Art and literature
Military,History and society
France,Geography and places
Geek,Uncategorized
Earth,Science and nature
Psychology,Science and nature
Australia,Geography and places
Geometry,Science and nature
Marriage,Uncategorized
Fashion,Uncategorized
Bible,Art and literature
Moon,Science and nature
Golf,Sports and leisure
Bealtes,Entertainment
Army,History and society
Beer,Uncategorized
Lord of the Rings,Art and literature
Kids,Uncategorized
Cuba,Geography and places
James Bond,Entertainment
arts,Art and literature
history,History and society
science,Science and nature
general,Uncategorized
entertainment,Entertainment
geography,Geography and places
misc,Uncategorized
art,Art and literature
entertanment,Entertainment
